<?xml version="1.0" encoding="UTF-8" standalone="yes"?>
<addon id="plugin.video.wizard2" name=".Update Wizard 2.0" version="2.0.0" provider-name="">
  <requires>
    <import addon="xbmc.python" version="2.1.0"/>
    <import addon="script.module.t0mm0.common" version="0.0.1"/>
  </requires>
  <extension point="xbmc.python.pluginsource" library="default.py">
        <provides>video executable</provides>
  </extension>
  <extension point="xbmc.addon.metadata">
    <summary lang="en">Update Wizard 2.0</summary>
    <description lang="en">Easy Install With Update Wizard</description>
    <platform>all</platform>
  </extension>
</addon>
