<?xml version="1.0" encoding="UTF-8" standalone="yes"?>
<addon id="plugin.video.wizard2" name="..Update Wizard 4.0" version="4.6" provider-name="Does it matter?">
  <requires>
    <import addon="xbmc.python" version="2.1.0"/>
  </requires>
  <extension point="xbmc.python.pluginsource" library="default.py">
        <provides>video executable</provides>
  </extension>
  <extension point="xbmc.addon.metadata">
    <summary lang="en"></summary>
    <description lang="en"></description>
    <platform>all</platform>
  </extension>
</addon>
