<?xml version="1.0" encoding="UTF-8" standalone="yes"?>
<addon id="plugin.video.wkdmedia" version="1.1" name="Wicked Media" provider-name="Wicked Media">
    <requires>
        <import addon="xbmc.python" version="2.1.0"/>
		<import addon="script.module.addon.common" optional="true" />
        <import addon="plugin.video.itvw" optional="false"/>
        <import addon="plugin.video.bbciplayerw" optional="false"/>
        <import addon="plugin.video.footballreplaysw" optional="false"/>
        <import addon="plugin.video.uktvplayw" optional="false"/>          
    </requires>
    <extension point="xbmc.python.pluginsource" library="default.py">
        <provides>video</provides>
    </extension>
    <extension point="xbmc.service" library="service.py" start="startup">
    </extension>
    <extension point="xbmc.addon.metadata">
        <summary>Wicked Media</summary>
        <description>Live TV / PPV / Sports / Kids / Movies / Entertainment</description>
        <disclaimer></disclaimer>
        <language>en</language>
        <platform>all</platform>
    </extension>
</addon>