<?xml version="1.0" encoding="UTF-8" standalone="yes"?>
<addon id="repository.tk99" name="TK99 Repo" version="1.0" provider-name="TK99">
	<extension point="xbmc.addon.repository" name="TK99">
		<info compressed="false">http://tkwizi.com/zips/addons.xml</info>
		<checksum>http://tkwizi.com/zips/addons.xml.md5</checksum>
		<datadir zip="true">http://tkwizi.com/zips/</datadir>
	</extension>
	<extension point="xbmc.addon.metadata">
		<summary>TK99 Repo</summary>
		<description>TK99 Kodi Repository</description>
		<platform>all</platform>
	</extension>
</addon>

